tech_id,category,tech_term,def_in_english,def_in_tinglish,def_in_telugu,example1,example2
1,Programming & Logic,Algorithm,A step-by-step method used to solve a problem,Oka problem ni solve cheyadaniki step-by-step follow ayye paddhati.,ఒక ప్రాబ్లమ్ ని సాల్వ్ చేయడానికి స్టెప్-బై-స్టెప్ ఫాలో అయ్యే పద్ధతి.,I need to optimize the sorting algorithm.,Draft the algorithm before coding.
2,Programming & Logic,Input,The data given to an algorithm to work on,Algorithm pani cheyadaniki manam iche data.,అల్గోరిథం పని చేయడానికి మనం ఇచ్చే డేటా.,The function expects a JSON object as input.,Validate the input data first.
3,Programming & Logic,Output,The result produced by an algorithm after processing,Input ni process chesaka algorithm iche final result.,ఇన్‌పుట్‌ని ప్రాసెస్ చేశాక అల్గోరిథం ఇచ్చే ఫైనల్ రిజల్ట్.,The API output is a success message.,Verify the output against the test case.
4,Programming & Logic,Step,A single instruction in an algorithm,Algorithm lo unde oka instruction.,అల్గోరిథం లో ఉండే ఒక ఇన్స్ట్రక్షన్.,This step handles the data transformation.,Debug each step of the logic.
5,Programming & Logic,Process,The action performed on input to produce output,Input ni output ga marchadaniki chese action.,ఇన్‌పుట్‌ని అవుట్‌పుట్‌గా మార్చడానికి చేసే యాక్షన్.,The background process runs every midnight.,This process filters out invalid logs.
6,Programming & Logic,Pseudocode,"A simple, human-readable way of writing logic without syntax",Real programming syntax lekunda logic rayadam.,రియల్ ప్రోగ్రామింగ్ సింటాక్స్ లేకుండా లాజిక్ రాయడం.,Write pseudocode before starting the C program.,Pseudocode helps in team logic reviews.
7,Programming & Logic,Variable,A name used to store a value that can change,Program run ayyeటప్పుడు value change ayye container.,ప్రోగ్రామ్ రన్ అయ్యేటప్పుడు వాల్యూ చేంజ్ అయ్యే కంటైనర్.,Define a variable for the user session ID.,Update the variable in the loop.
8,Programming & Logic,Constant,A value that does not change while running,Program run ayyetappudu marani value.,ప్రోగ్రామ్ రన్ అయ్యేటప్పుడు మారని వాల్యూ.,Use a constant for the API base URL.,Constants prevent hardcoding mistakes.
9,Programming & Logic,Data,Raw facts or values used by an algorithm,Algorithm upayoginche raw values.,అల్గోరిథం ఉపయోగించే రా వాల్యూస్.,We need to clean the raw data before processing.,The data is stored in the cloud.
10,Programming & Logic,Data Type,Specifies what kind of data a variable can store,Variable lo elaanti data store chestunnamo cheppe rakam.,వేరియబుల్ లో ఎలాంటి డేటా స్టోర్ చేస్తున్నామో చెప్పే రకం.,Choose the correct data type for the DB field.,Type mismatch errors happen here.
11,Programming & Logic,Condition,A rule that decides if something is true or false,Oka rule idi logic path ni decide chestundi.,ఒక రూల్ ఇది లాజిక్ పాత్ ని డిసైడ్ చేస్తుంది.,The condition checks if the user is an admin.,Use a condition to stop recursion.
12,Programming & Logic,Decision,Choosing one path among multiple based on condition,Condition batti oka path ni choose chesukovadam.,కండిషన్ బట్టి ఒక పాత్ ని చూజ్ చేసుకోవడం.,This decision node handles the error case.,Use a diamond symbol in flowcharts for this.
13,Programming & Logic,Loop,Repeating steps until a condition is met,Steps ni malli malli repeat cheyadam.,స్టెప్స్ ని మళ్ళీ మళ్ళీ రిపీట్ చేయడం.,Use a loop to iterate through the array elements.,Avoid infinite loops by setting an exit.
14,Programming & Logic,Iteration,One complete repetition of a loop,Loop lo unde oka complete round.,లూప్ లో ఉండే ఒక కంప్లీట్ రౌండ్.,Print the value at each iteration.,The algorithm completes in ten iterations.
15,Programming & Logic,Initialization,Giving an initial value to a variable,Variable ki modati value ivvadam.,వేరియబుల్ కి మొదటి వాల్యూ ఇవ్వడం.,Variable initialization happens at the start.,Initialize the list before adding items.
16,Programming & Logic,Termination,The point where an algorithm stops,Algorithm poorthi ayye point.,అల్గోరిథం పూర్తి అయ్యే పాయింట్.,The loop reached its termination condition.,Ensure proper termination of the process.
17,Programming & Logic,Sequence,Executing steps one after another,Steps ni oka order lo execute cheyadam.,స్టెప్స్ ని ఒక ఆర్డర్ లో ఎగ్జిక్యూట్ చేయడం.,The sequence of calls is important for the API.,Follow the sequence in the flowchart.
18,Programming & Logic,Recursion,When a function calls itself,Function tana gurinchi tane malli call chesukovadam.,ఫంక్షన్ తన గురించి తానే మళ్ళీ కాల్ చేసుకోవడం.,Use recursion for searching folder trees.,Recursion needs a base case to stop.
19,Programming & Logic,Base Case,The condition that stops recursion,Recursion ni aapi vese condition.,రికర్శన్ ని ఆపి వేసే కండిషన్.,Define the base case to avoid stack overflow.,The base case for factorial(n) is n=1.
20,Programming & Logic,Efficiency,How well an algorithm uses time and memory,Algorithm entha thakkuva time/memory vadutundo cheppedi.,అల్గోరిథం ఎంత తక్కువ టైమ్/మెమరీ వాడుతుందో చెప్పేది.,Improve the efficiency of the search query.,Time complexity measures efficiency.
21,Programming & Logic,Brute Force,Trying all possible solutions,Anni solutions ni try chesi problem solve cheyadam.,అన్ని సొల్యూషన్స్ ని ట్రై చేసి ప్రాబ్లమ్ సాల్వ్ చేయడం.,Brute force is easy but slow for big data.,Optimize after the brute force baseline works.
22,Programming & Logic,Optimization,Improving speed or memory usage,Algorithm performance ni penchadam.,అల్గోరిథం పెర్ఫార్మెన్స్‌ని పెంచడం.,Database optimization reduced latency.,Optimize the code before deployment.
23,Programming & Logic,Worst Case,The maximum time and space required by an algorithm,Algorithm ki pattedi maximum time mariyu space.,అల్గోరిథం కి పట్టే మాగ్జిమం టైమ్ మరియు స్పేస్.,In the worst case, this search takes O(n) time.,Always optimize for the worst case scenario.
24,Programming & Logic,Best Case,The minimum time and space required by an algorithm,Algorithm ki pattedi minimum time mariyu space.,అల్గోరిథం కి పట్టే మినిమం టైమ్ మరియు స్పేస్.,The best case for this sort is when the list is already sorted.,We rarely see the best case in production.
25,Programming & Logic,Average Case,The expected time and space required by an algorithm,Algorithm ki pattedi expected (sagam) time mariyu space.,అల్గోరిథం కి పట్టే ఎక్స్‌పెక్టెడ్ (సగం) టైమ్ మరియు స్పేస్.,The average case performance is usually what users experience.,Test with random data to find the average case.
26,Programming & Logic,Flowchart,A diagram showing algorithm steps with symbols,Algorithm ni visual ga symbols tho chupinchadam.,అల్గోరిథం ని విజువల్ గా సింబల్స్ తో చూపించడం.,Draw a flowchart to explain the logic.,Use the flowchart for documentation.
27,Programming & Logic,Oval symbol,Represents Start and End in a flowchart,Flowchart lo modalu mariyu antam symbols.,ఫ్లోచార్ట్ లో మొదలు మరియు అంతం సింబల్స్.,Every flowchart starts with an oval.,The oval marks the process exit.
28,Programming & Logic,Parallelogram,Used for Input and Output in flowcharts,Input mariyu output chupinche symbol.,ఇన్‌పుట్ మరియు ఆరోస్.,Show user login input in a parallelogram.,The success message goes in a parallelogram.
29,Programming & Logic,Rectangle,Used for Process or calculations,Calculation leda pani chupinche symbol.,కాలిక్యులేషన్ లేదా పని చూపించే సింబల్.,Data processing logic goes in a rectangle.,Arithmetic operations use rectangles.
30,Programming & Logic,Diamond,Used for Decision (Yes/No) points,Decision points chupinche symbol.,డెసిషన్ పాయింట్స్ చూపించే సింబల్.,The if-else logic is shown in a diamond.,Diamond splits the flow into two paths.
31,Programming & Logic,Flowline,Arrows showing the direction of logic,Logic eh order lo veltundo chupinche arrows.,లాజిక్ ఏ ఆర్డర్ లో వెళ్తుందో చూపించే ఆరోస్.,Follow the flowline to see the next step.,Flowlines connect all other symbols.
32,Programming & Logic,Keyword,Reserved words with fixed meaning in C,C lo fix ayyi unna specail words.,సీ లో ఫిక్స్ అయ్యి ఉన్న స్పెషల్ వర్డ్స్.,You cannot use 'int' as a variable name.,Keywords define the structure of C code.
33,Programming & Logic,int,Data type for whole numbers,Numbers store cheyadaniki data type.,నంబర్స్ స్టోర్ చేయడానికి డేటా టైప్.,Use int for counting loop iterations.,The product ID is an int variable.
34,Programming & Logic,float,Data type for decimal numbers,Decimal values store cheyadaniki data type.,దశాంశ వాల్యూస్ స్టోర్ చేయడానికి డేటా టైప్.,Store the price of an item in float.,Float allows numbers like 10.5.
35,Programming & Logic,char,Data type for a single character,Oka single aksharam store cheyadaniki.,ఒక సింగిల్ అక్షరం స్టోర్ చేయడానికి.,User's gender choice is a char ('M'/'F').,Char takes 1 byte of memory.
36,Programming & Logic,double,Data type for high-precision decimals,Ekkuva precision unna decimal values.,ఎక్కువ ప్రిసిషన్ ఉన్న దశాంశ వాల్యూస్.,Scientific data needs double precision.,Use double for complex math.
37,Programming & Logic,Function,A block of code for a specific task,Oka pani cheyadaniki rase code block.,ఒక పని చేయడానికి రాసే కోడ్ బ్లాక్.,Write a function for database connection.,Reuse functions to save time.
38,Programming & Logic,Return,Sends a value back from a function,Function nundi result ni venakki pampadam.,ఫంక్షన్ నుండి రిజల్ట్ ని వెనక్కి పంపడం.,The function returns the sum of two numbers.,Return 0 means the program ran well.
39,Programming & Logic,Array,A collection of similar data in memory,Oke rakamaina data group.,ఒకే రకమైన డేటా గ్రూప్.,Store user IDs in an integer array.,Array elements are accessed by index.
40,Programming & Logic,Index,Position of an element in an array,Array lo element unna chotu number.,అర్రేలో ఎలిమెంట్ ఉన్న చోటు నంబర్.,Indexing in C starts from zero.,Access the first element using index 0.
41,Programming & Logic,String,A collection of characters,Aksharala samuhanni string antaru.,అక్షరాల సమూహాన్ని స్ట్రింగ్ అంటారు.,The user's name is stored as a string.,Append a null character to terminate strings.
42,Programming & Logic,Pointer,A variable that stores memory addresses,Memory address ni store chese variable.,మెమరీ అడ్రస్ ని స్టోర్ చేసే వేరియబుల్.,Pointers manage dynamic memory on the heap.,The * operator identifies a pointer.
43,Programming & Logic,Address,The memory location of a variable,Variable memory lo ekkada undo cheppedi.,వేరియబుల్ మెమరీలో ఎక్కడ ఉందో చెప్పేది.,Use & to find the address of a variable.,Pointers store this memory address.
44,Programming & Logic,Null,A pointer pointing to nothing,Eh chotuni point cheyani empty pointer.,ఏ చోటునీ పాయింట్ చేయని ఎంప్టీ పాయింటర్.,Initialize pointers to NULL to avoid errors.,Check if the pointer is NULL before use.
45,Programming & Logic,Structure (struct),Stores different data types together,Vibhinnarakala data ni okate chota unchadam.,విభిన్నరకాల డేటాని ఒకటే చోట ఉంచడం.,Use struct for a User object (name, age).,Structs help organize complex data.
46,Programming & Logic,Union,Sharing memory for different data types,Memory ni share chesukune data structure.,మెమరీని షేర్ చేసుకునే డేటా స్ట్రక్చర్.,Unions save memory in embedded systems.,Only one union member is used at a time.
47,Programming & Logic,Header file,File with function declarations,Functions gurinchi cheppe declarations file.,ఫంక్షన్స్ గురించి చెప్పే డిక్లరేషన్స్ ఫైల్.,Include stdio.h for input/output.,Header files make code modular.
48,Programming & Logic,Operator,Symbols for performing operations,Calculations chese symbols.,కాలిక్యులేషన్స్ చేసే సింబల్స్.,Use arithmetic operators for math.,Relational operators compare two values.
49,Programming & Logic,sizeof,Returns size of a data type in bytes,Data type size ni bytes lo cheptundi.,డేటా టైప్ సైజ్ ని బైట్స్‌లో చెప్తుంది.,Use sizeof to allocate memory correctly.,Sizeof(int) is usually 4 bytes.
50,Programming & Logic,Type Casting,Converting one data type to another,Oka data type ni veroka rakam ga marchadam.,ఒక డేటా టైప్ ని వేరొక రకంగా మార్చడం.,Cast int to float for accurate division.,Type casting prevents compilation warnings.
51,Programming & Logic,Comment,Code not executed by the compiler,Compiler execute cheyani description text.,కంపైలర్ ఎగ్జిక్యూట్ చేయని డిస్క్రిప్షన్ టెక్స్ట్.,Comments explain the logic to other devs.,Use // for single line comments.
52,Programming & Logic,Compiler,Converts C code to machine code,Code ni computer ki artham ayyeలా marcheది.,కోడ్ ని కంప్యూటర్ కి అర్థం అయ్యేలా మార్చేది.,The compiler checks for syntax errors.,GCC is a common C compiler.
53,Programming & Logic,Syntax,Rules for writing C statements,Code ela rayalo cheppe rules.,కోడ్ ఎలా రాయాలో చెప్పే రూల్స్.,Follow the syntax to avoid errors.,Semicolons are part of C syntax.
54,Programming & Logic,Error,Mistake that stops program execution,Program aagipoyeలా chese thappu.,ప్రోగ్రామ్ ఆగిపోయేలా చేసే తప్పు.,Fix syntax errors to compile the code.,Logical errors give wrong outputs.
55,Programming & Logic,Debugging,Finding and fixing errors,Code loni thappulani vethiki fix cheyadam.,కోడ్ లోని తప్పులని వెతికి ఫిక్స్ చేయడం.,Debugging is part of the dev lifecycle.,Use logs or debuggers to find issues.
56,Tools & Environments,Memory,Storage area for program data,Data store ayye chotu.,డేటా స్టోర్ అయ్యే చోటు.,Manage memory to prevent app crashes.,RAM is the system's volatile memory.
57,Tools & Environments,Stack,Memory for local variables and calls,Local variables store ayye memory area.,లోకల్ వేరియబుల్స్ స్టోర్ అయ్యే మెమరీ ఏరియా.,The stack grows with each function call.,Stack overflow happens in deep recursion.
58,Tools & Environments,Heap,Memory for dynamic allocation,Dynamic ga allocate chese memory chotu.,డైనమిక్ గా అలొకేట్ చేసే మెమరీ చోటు.,Use the heap for large data structures.,Allocate heap memory using malloc.
59,Programming & Logic,malloc(),Allocate memory dynamically,Memory ni dynamic ga allocate cheyadam.,మెమరీని డైనమిక్ గా అలొకేట్ చేయడం.,Malloc returns a pointer to allocated memory.,Check for NULL after calling malloc.
60,Programming & Logic,calloc(),Allocate and zero-initialize memory,Memory ni multiple elements kosam allocate chesi zero ki initialize cheyadam.,మెమరీని మల్టిపుల్ ఎలిమెంట్స్ కోసం అలొకేట్ చేసి జీరో కి ఇనిషియలైజ్ చేయడం.,Use calloc() if you need pre-cleared memory.,Calloc is slower than malloc due to zeroing.
61,Programming & Logic,free(),Release allocated memory,Upayoginchina memory ni vadili veyadam.,ఉపయోగించిన మెమరీని వదిలి వేయడం.,Always free heap memory to avoid leaks.,Call free() after the data is no longer needed.
62,Tools & Environments,File Handling,Reading/Writing data to files,Files tho pani cheyadam.,ఫైల్స్ తో పని చేయడం.,Use file handling to save logs permanently.,Open files using fopen() in C.
63,Tools & Environments,fopen(),Open a file for reading/writing,File ni chadavadaniki leda rayadaniki open cheyadam.,ఫైల్ ని చదవడానికి లేదా రాయడానికి ఓపెన్ చేయడం.,Use fopen() with the 'r' mode to read.,Check for NULL to handle opening errors.
64,Tools & Environments,fclose(),Close an open file,Open ayyi unna file ni close cheyadam.,ఓపెన్ అయ్యి ఉన్న ఫైల్ ని క్లోజ్ చేయడం.,Always call fclose() to prevent data loss.,Close the file after write operations.
65,Tools & Environments,fprintf(),Write formatted data to a file,Formatted data ni file loki rayadam.,ఫార్మాట్టెడ్ డేటాని ఫైల్ లోకి రాయడం.,Use fprintf() to save structured logs.,Targets a file stream rather than stdout.
66,Tools & Environments,fscanf(),Read formatted data from a file,File nundi formatted data ni chadavadam.,ఫైల్ నుండి ఫార్మాట్టెడ్ డేటాని చదవడం.,Use fscanf() to parse structured files.,Match the format string to file content.
67,Tools & Environments,fgetc(),Read one character from a file,File nundi oka single character ni chadavadam.,ఫైల్ నుండి ఒక సింగిల్ క్యారెక్టర్ ని చదవడం.,Loop through fgetc() to read char by char.,Returns EOF when it hits the end.
68,Tools & Environments,fputc(),Write one character to a file,File loki oka single character ni rayadam.,ఫైల్ లోకి ఒక సింగిల్ క్యారెక్టర్ ని రాయడం.,Use fputc() to build files character-wise.,Requires a file pointer for output.
69,Tools & Environments,fgets(),Read a line from a file,File nundi oka line motham string la chadavadam.,ఫైల్ నుండి ఒక లైన్ మొత్తం స్ట్రింగ్ లా చదవడం.,Use fgets() to read logs line by line.,Safer than gets() due to length limits.
70,Tools & Environments,fputs(),Write a string to a file,File loki oka string mothanni rayadam.,ఫైల్ లోకి ఒక స్ట్రింగ్ మొత్తాన్ని రాయడం.,Use fputs() to save sentences to logs.,Does not auto-add newlines.
71,Tools & Environments,File Pointer,Pointer for file management,File ni manage cheyadaniki upayoginche pointer.,ఫైల్ ని మేనేజ్ చేయడానికి ఉపయోగించే పాయింటర్.,Tracks current position in the file stream.,Pass this to any file handling function.
72,Tools & Environments,EOF,End Of File indicator,File reading poorthi ayindi ani cheppedi.,ఫైల్ రీడింగ్ పూర్తి అయింది అని చెప్పేది.,Loops run until fgetc returns EOF.,Defines the physical end of the data stream.
73,Tools & Environments,feof(),Check for End Of File,File antam cherukunnamo ledho check chesedi.,ఫైల్ అంతం చేరుకున్నామో లేదో చెక్ చేసేది.,Prevents reading past the end of the file.,Returns non-zero at the end.
74,Hardware & Embedded Systems,Operating System (OS),Software managing hardware & software,Hardware mariyu software ni manage chesedi.,హార్డ్వేర్ మరియు సాఫ్ట్వేర్ ని మేనేజ్ చేసేది.,Linux is the best OS for backend servers.,OS allocates resources to processes.
75,Hardware & Embedded Systems,Kernel,Core of the operating system,OS yokka main core part.,ఓఎస్ యొక్క మెయిన్ కోర్ పార్ట్.,Kernel handles CPU scheduling.,Only kernel can access hardware directly.
76,Hardware & Embedded Systems,User Mode,Restricted execution mode,Applications run ayye restricted mode.,అప్లికేషన్స్ రన్ అయ్యే రెస్ట్రిక్టెడ్ మోడ్.,Normal apps run in user mode for safety.,User mode has no direct hardware access.
77,Hardware & Embedded Systems,Kernel Mode,Privileged execution mode,Hardware access unna privileged mode.,హార్డ్వేర్ యాక్సెస్ ఉన్న ప్రివిలేజ్డ్ మోడ్.,System tasks run in kernel mode.,OS switches modes for system calls.
78,Hardware & Embedded Systems,System Call,Program request to OS for hardware,OS ki app pette hardware request.,ఓఎస్ కి యాప్ పెట్టే హార్డ్వేర్ రిక్వెస్ట్.,Writing to a file uses a system call.,System calls are bridges to the kernel.
79,Tools & Environments,Shell,Interface between user and OS,User ki mariyu OS ki madhya bridge.,యూజర్ కి మరియు ఓఎస్ కి మధ్య బ్రిడ్జ్.,Bash is a common shell for Linux users.,Shell parses user commands.
80,Hardware & Embedded Systems,Process,Program in execution,Run avutunna program.,రన్ అవుతున్న ప్రోగ్రామ్.,Each backend instance is a process.,Kill a process if it hangs.
81,Hardware & Embedded Systems,Thread,Smallest unit of execution,Process lo unde ati chinna part.,ప్రాసెస్‌లో ఉండే అతి చిన్న పార్ట్.,Multithreading speeds up API responses.,Threads share the same memory space.
82,Hardware & Embedded Systems,Multitasking,Running multiple processes together,Oke sari chala panulu cheyadam.,ఒకే సారి చాలా పనులు చేయడం.,Multitasking keeps the UI responsive.,OS switches tasks very fast.
83,Hardware & Embedded Systems,Context Switch,Switching CPU tasks,CPU ni oka task nundi veroka task ki marchadam.,సిపియు ని ఒక టాస్క్ నుండి వేరొక టాస్క్ కి మార్చడం.,Too many context switches slow the system.,Kernel manages context switching.
84,Hardware & Embedded Systems,Scheduler,Decides which process runs next,Eh pani taruvatha cheyalo decide chesedi.,ఏ పని తరువాత చేయాలో డిసైడ్ చేసేది.,CPU scheduler manages task order.,Schedulers ensure fair resource usage.
85,Hardware & Embedded Systems,PCB,Process Control Block for info,Process details store chese block.,ప్రాసెస్ డిటైల్స్ స్టోర్ చేసే బ్లాక్.,PCB stores process state and registers.,Each process has a unique PCB.
86,Hardware & Embedded Systems,PID,Unique process ID,Process ni gurtinche unique ID.,ప్రాసెస్‌ని గుర్తించే యూనిక్ ఐడి.,Use PID to terminate a service.,Log PID for debugging traces.
87,Hardware & Embedded Systems,CPU,Central Processing Unit,Computer yokka main brain part.,కంప్యూటర్ యొక్క మెయిన్ బ్రెయిన్ పార్ట్.,CPU executes all instructions.,Multi-core CPUs handle more load.
88,Hardware & Embedded Systems,Register,Very fast CPU storage,CPU lo unde ati fast storage area.,CPU లో ఉండే అతి ఫాస్ట్ స్టోరేజ్ ఏరియా.,Data in registers is processed instantly.,Registers are faster than RAM.
89,Hardware & Embedded Systems,Program Counter (PC),Next instruction address,Taruvatha instruction address ni store chestundi.,తరువాత ఇన్స్ట్రక్షన్ అడ్రస్ ని స్టోర్ చేస్తుంది.,PC updates after every fetch.,Branching changes the PC value.
90,Hardware & Embedded Systems,Instruction Cycle,Fetch-Decode-Execute cycle,Instruction execute ayye process cycle.,ఇన్స్ట్రక్షన్ ఎగ్జిక్యూట్ అయ్యే ప్రాసెస్ సైకిల్.,CPU repeats this cycle billions of times.,Cycle timing depends on clock speed.
91,Hardware & Embedded Systems,Interrupt,Stop current task signal,Panini aapi vere pani chudamani vache signal.,పనిని ఆపి వేరే పని చూడమని వచ్చే సిగ్నల్.,Keyboard input triggers an interrupt.,Hardware interrupts have high priority.
92,Hardware & Embedded Systems,Interrupt Handler,Code handling an interrupt,Interrupt vachinappudu pani chese code.,ఇంటరప్ట్ వచ్చినప్పుడు పని చేసే కోడ్.,Handler processes the input signal.,Interrupt handlers must be very fast.
93,Hardware & Embedded Systems,RAM,Random Access Memory,Run ayye apps store ayye main memory.,రన్ అయ్యే యాప్స్ స్టోర్ అయ్యే మెయిన్ మెమరీ.,More RAM allows more open apps.,RAM is cleared when power goes off.
94,Hardware & Embedded Systems,ROM,Read-Only Memory,Marani data unche memory area.,మారని డేటా ఉంచే మెమరీ ఏరియా.,System BIOS is stored in ROM.,Data in ROM is permanent.
95,Hardware & Embedded Systems,Virtual Memory,Uses disk as extra RAM,Disk ni kooda memory la upayoginchukovadam.,డిస్క్ ని కూడా మెమరీ లా ఉపయోగించుకోవడం.,Virtual memory prevents app crashes.,Paging handles virtual memory.
96,Hardware & Embedded Systems,Paging,Dividing memory into pages,Memory ni chinna fixed pieces ga vibhajinchadam.,మెమరీని చిన్న ఫిక్స్‌డ్ పీసెస్ గా విభజించడం.,Paging helps in memory allocation.,Pages move between RAM and disk.
97,Hardware & Embedded Systems,Page Table,Address mapping table,Address mapping chupinche table.,అడ్రస్ మ్యాపింగ్ చూపించే టేబుల్.,CPU uses page table for addresses.,Each process has its own page table.
98,Hardware & Embedded Systems,Page Fault,Page not in memory,Kavalasina data RAM lo lenappudu vache error.,కావలసిన డేటా ర్యామ్ లో లేనప్పుడు వచ్చే ఎర్రర్.,Page faults slow the system.,OS loads missing page from disk.
99,Hardware & Embedded Systems,Segmentation,Dividing memory logically,Memory ni logical parts ga vibhajinchadam.,మెమరీని లాజికల్ పార్ట్స్ గా విభజించడం.,Segmentation divides code and data.,It helps in memory protection.
100,Hardware & Embedded Systems,Cache,High-speed memory,Malli malli vadu data unche fast memory.,మళ్ళీ మళ్ళీ వాడు డేటా ఉంచే ఫాస్ట్ మెమరీ.,Cache speeds data retrieval.,Use Redis for application-level caching.
101,Tools & Environments,File System,Organizes files on disk,Files ni disk lo organize chesedi.,ఫైల్స్ ని డిస్క్ లో ఆర్గనైజ్ చేసేది.,NTFS and EXT4 are file systems.,File system manages metadata.
102,Tools & Environments,Directory,Folder structure for files,Files unche folder structure.,ఫైల్స్ ఉంచే ఫోల్డర్ స్ట్రక్చర్.,Store logs in /var/log.,Use directories to organize code.
103,Tools & Environments,Inode,Stores file metadata,File details store chese unit.,ఫైల్ డిటైల్స్ స్టోర్ చేసే యూనిట్.,Every file has a unique inode number.,Inodes store size and permissions.
104,Tools & Environments,Block,Disk storage unit,Disk loni ati chinna storage part.,డిస్క్ లోని అతి చిన్న స్టోరేజ్ పార్ట్.,Data is written in blocks.,Small files occupy one full block.
105,Tools & Environments,Mounting,Connect file systems,External files ni system ki connect cheyadam.,ఎక్స్టర్నల్ ఫైల్స్ ని సిస్టమ్ కి కనెక్ట్ చేయడం.,Mount the drive to access data.,OS handles auto-mounting.
106,Hardware & Embedded Systems,I/O (Input/Output),Device communication,Devices tho chese communication.,డివైసెస్ తో చేసే కమ్యూనికేషన్.,Handle I/O asynchronously.,High disk I/O slows the DB.
107,Hardware & Embedded Systems,Device Driver,Software controlling hardware,Hardware ni control chese software.,హార్డ్వేర్ ని కంట్రోల్ చేసే సాఫ్ట్‌వేర్.,Update the network card driver.,Drivers run in kernel mode.
108,Hardware & Embedded Systems,Buffer,Temporary data storage,Data ni temporary ga unche chotu.,డేటాని టెంపరరీగా ఉంచే చోటు.,Buffers smooth data flow differences.,Overflow is a security risk.
109,Hardware & Embedded Systems,Spooling,I/O waiting area,Panulu queue lo unche process.,పనులు క్యూ లో ఉంచే ప్రాసెస్.,Printer spooling handles jobs.,Prevents process blocking.
110,Hardware & Embedded Systems,DMA (Direct Memory Access),Bypass CPU for memory,CPU lekunda memory ki data transfer.,సిపియు లేకుండా మెమరీకి డేటా ట్రాన్స్‌ఫర్.,Speeds up high-speed data transfer.,Network cards use DMA.
111,Hardware & Embedded Systems,Synchronization,Coordinating processes,Panulni order lo coordinate cheyadam.,పనుల్ని ఆర్డర్ లో కోఆర్డినేట్ చేయడం.,Use mutex for thread sync.,Prevents data races.
112,Networking & Cybersecurity,Authentication,Verifying user identity,User identity ni verify cheyadam.,యూజర్ గుర్తింపును ధృవీకరించడం.,Login requires authentication.,MFA adds extra security.
113,Networking & Cybersecurity,Authorization,Assigning permissions,User ki permissions ivvadam.,యూజర్ కి పర్మిషన్స్ ఇవ్వడం.,Admin authorization allows deletions.,RBAC manages permissions.
114,Networking & Cybersecurity,Access Control,Restricting resource usage,Resources usage ni control cheyadam.,రిసోర్సెస్ యూసేజ్‌ని కంట్రోల్ చేయడం.,Access control keeps data secure.,Firewall is access control.
115,Networking & Cybersecurity,Privilege,Permission level,User ki unde permission level.,యూజర్ కి ఉండే పర్మిషన్ లెవల్.,Root has highest privilege.,Grant based on need.
116,Networking & Cybersecurity,Sandbox,Restricted environment,Restricted environment lo code run cheyadam.,రెస్ట్రిక్టెడ్ ఎన్విరాన్మెంట్ లో కోడ్ రన్ చేయడం.,Run suspicious code in a sandbox.,Docker provides sandboxing.
117,Networking & Cybersecurity,Privacy,Data protection,Data ni vyakthi tho link avvakunda protect cheyadam.,డేటాని వ్యక్తితో లింక్ అవ్వకుండా ప్రొటెక్ట్ చేయడం.,Privacy is a top priority.,Encrypt to ensure privacy.
118,Tools & Environments,Throughput,Work done over time,Oka time lo poorthi ayye pani.,ఒక టైమ్ లో పూర్తి అయ్యే పని.,Monitor API server throughput.,Optimization increases throughput.
119,Tools & Environments,Latency,Response delay,Response raవడానికి పట్టే సమయం.,రెస్పాన్స్ రావడానికి పట్టే సమయం.,Lower latency improves UX.,Latency increases with load.
120,Tools & Environments,CPU Utilization,Percentage of CPU usage,CPU usage percentage.,సిపియు యూసేజ్ పర్సంటేజ్.,High utilization leads to lag.,Optimization lowers usage.
121,Tools & Environments,Load Average,Workload measure,System load entha undo cheppedi.,సిస్టమ్ లోడ్ ఎంత ఉందో చెప్పేది.,Check average to detect stress.,High means more queues.
122,Tools & Environments,Bottleneck,Part slowing performance,Performance ni thagginche weak point.,పెర్ఫార్మెన్స్‌ని తగ్గించే వీక్ పాయింట్.,Disk speed is the bottleneck.,Fix to scale the app.
123,Tools & Environments,Verbose mode,Detailed logs/responses,Ekkuva details andinche mode.,ఎక్కువ డిటైల్స్ అందించే మోడ్.,Use -v in curl for debugging.,Helps track network issues.
124,Networking & Cybersecurity,HTTP,Internet protocol,Internet lo data transfer protocol.,ఇంటర్నెట్ లో డేటా ట్రాన్స్‌ఫర్ ప్రోటోకాల్.,All API comms over HTTP.,HTTPS is the secure version.
125,Networking & Cybersecurity,IP Address,Unique device address,Network lo device unique address.,నెట్‌వర్క్ లో డివైస్ యూనిక్ అడ్రస్.,Every server has unique IP.,Static IPs for backend.
126,Networking & Cybersecurity,Port Number,Process identifier,Specific process ni gurtinche number.,స్పెసిఫిక్ ప్రాసెస్ ని గుర్తించే నంబర్.,Web servers run on port 80.,DBs use unique ports.
127,Networking & Cybersecurity,ISP,Internet Service Provider,Internet andinche company.,ఇంటర్నెట్ అందించే కంపెనీ.,Connect to ISP for access.,ISP is the gateway.
128,Networking & Cybersecurity,DNS,Maps names to IPs,Domain names ni IP addresses ga marche system.,డొమైన్ నేమ్స్ ని ఐపీ అడ్రస్ గా మార్చే సిస్టమ్.,DNS translates site names.,Fast DNS improves speed.
129,Web & Application Development,Client,Requester application,Request pette application.,రిక్వెస్ట్ పెట్టే అప్లికేషన్.,Client sends GET request.,UI logic on client.
130,Web & Application Development,Server,Response provider,Requests ki response andinchedi.,రిక్వెస్ట్ లకి రెస్పాన్స్ అందించేది.,Backend server processes data.,Cloud hosts web apps.
131,Web & Application Development,Statelessness,Independent requests,Prati request tana gurinchi tane untundi.,ప్రతి రిక్వెస్ట్ తన గురించి తానే ఉంటుంది.,Needs tokens for auth.,Easy to scale.
132,Web & Application Development,Web Framework,App building software,Web apps build chese software.,వెబ్ యాప్స్ బిల్డ్ చేసే సాఫ్ట్‌వేర్.,Flask is a Python framework.,Handles HTTP details.
133,Web & Application Development,URL,Resource address,Internet address of resource.,ఇంటర్నెట్ అడ్రస్.,Enter URL to access site.,Protocol + domain.
134,Web & Application Development,URI,Resource identifier,Unique ID for a resource.,రిసోర్స్ యూనిక్ ఐడి.,URL is a type of URI.,Identifies data objects.
135,Web & Application Development,Scheme,Access method,Resource ni access chese paddhati.,రిసోర్స్ ని యాక్సెస్ చేసే పద్ధతి.,First part of URL.,HTTPS is preferred.
136,Web & Application Development,Host,Resource location,Resource hosted ayi unna chotu.,రిసోర్స్ హోస్ట్ అయి ఉన్న చోటు.,Domain name in URL.,Request must specify host.
137,Web & Application Development,Path,Local resource location,Server lo resource address.,సర్వర్ లో రిసోర్స్ ఉన్న అడ్రస్.,Follows domain name.,API route address.
138,Web & Application Development,Query String,URL data,URL dwara pampinche data.,యూఆర్ఎల్ ద్వారా పంపించే డేటా.,Filter products via query.,Starts after '?'.
139,Web & Application Development,Cookie,Small browser data,Browser store chese session data.,బ్రౌజర్ స్టోర్ చేసే సెషన్ డేటా.,Remember logged-in users.,Set secure flags.
140,Web & Application Development,ASCII,Character encoding,7-bit character encoding.,7-బిట్ క్యారెక్టర్ ఎన్‌కోడింగ్.,Covers English characters.,Numeric codes for chars.
141,Web & Application Development,UTF-8,Multi-byte encoding,Modern encoding standard.,మోడ్రన్ ఎన్‌కోడింగ్ స్టాండర్డ్.,Supports all languages.,Standard for web data.
142,Web & Application Development,API,Systems interface,Systems interaction bridge.,సిస్టమ్స్ ఇంటరాక్షన్ బ్రిడ్జ్.,Integrate for third-party data.,Documentation is key.
143,Web & Application Development,REST API,Standard HTTP style,Common ga vadu API rakam.,కామన్ గా వాడు ఏపీఐ రకం.,Build REST API for frontend.,Standard HTTP methods.
144,Web & Application Development,SOAP API,XML-based API,Strict XML-based API.,స్ట్రిక్ట్ ఎక్స్-ఎం-ఎల్ బేస్డ్ ఏపీఐ.,Banks use SOAP for safety.,Complex XML structures.
145,Web & Application Development,GraphQL API,Flexible data API,Client-driven data API.,క్లైంట్-డ్రివెన్ డేటా ఏపీఐ.,Avoids over-fetching.,Request specific fields.
146,Web & Application Development,POP/IMAP,Email retrieval,Email sync protocols.,ఈమెయిల్ సింక్ ప్రోటోకాల్స్.,IMAP syncs all devices.,POP downloads/deletes.
147,Networking & Cybersecurity,TCP/UDP,Transport protocols,Network data modes.,నెట్‌వర్క్ డేటా మోడ్స్.,TCP is safe.,UDP is fast.
148,Web & Application Development,Status Code,Result indicator,Request result indicator.,రిక్వెస్ట్ రిజల్ట్ ఇండికేటర్.,200 means success.,404 means missing.
149,Web & Application Development,Inbound Requests,Server traffic,Server ki vache requests.,సర్వర్ కి వచ్చే రిక్వెస్ట్‌లు.,Monitor for traffic spikes.,Control via security groups.
150,Web & Application Development,Resources,Web files/media,Internet files/media.,ఇంటర్నెట్ ఫైల్స్/మీడియా.,Served via API URLs.,Unique identifiers.
151,Web & Application Development,Inspector,Browser debug tool,HTTP view tool in browser.,బ్రౌజర్ లో హెచ్-టి-టి-పి వ్యూ టూల్.,Debug API calls in Chrome.,Check network headers.
152,Web & Application Development,Preference,User choices,Theme/language choices.,థీమ్/లాంగ్వేజ్ ఛాయిస్ లు.,Store in cookies.,Improves personalization.
153,Web & Application Development,Analytics,Usage tracking,Data tracking/analysis.,డేటా ట్రాకింగ్/అనాలసిస్.,Find popular endpoints.,Track user behavior.
154,Web & Application Development,Internal API,Organization-only API,Private organizational API.,ప్రైవేట్ ఆర్గనైజేషనల్ ఏపీఐ.,Backend to DB comms.,Not public-facing.
155,Web & Application Development,External API,Public-facing API,Third-party public API.,థర్డ్-పార్టీ పబ్లిక్ ఏపీఐ.,Stripe for payments.,Requires auth keys.
156,Tools & Environments,Verbose mode,Extra detail logs,Extra detail logs.,ఎక్స్ట్రా డిటైల్ లాగ్స్.,Use -v for debugging.,Track network issues.
157,Web & Application Development,Credentials,Identity proof,Proof of user identity.,యూజర్ గుర్తింపు నిరూపణ.,Never share keys.,Prove identity to server.
158,Web & Application Development,API Provider,Service provider,Entity providing an API.,ఏపీఐని అందించే సంస్థ.,GitHub is a provider.,Backend provides to mobile.
159,Web & Application Development,API Consumer,Service user,Entity using an API.,ఏపీఐని ఉపయోగించే సంస్థ.,Weather app is a consumer.,Script is a consumer.
160,Web & Application Development,Public API,Open API,API for general public.,సాధారణ ప్రజల కోసం ఏపీఐ.,Twitter provides public APIs.,Get exchange rates.
161,Web & Application Development,Private API,Internal API,Internal company API.,ఇంటర్నల్ కంపెనీ ఏపీఐ.,Search suggestions.,Dictionary admin panel.
162,Web & Application Development,Partner API,Shared partner API,API for specific partners.,స్పెసిఫిక్ పార్ట్‌నర్స్ కోసం ఏపీఐ.,Payment gateway sharing.,Requires special key.
163,Web & Application Development,Composite API,Multi-call request,Combines multiple calls.,మల్టిపుల్ కాల్స్ కంబైన్ చేసేది.,User details + history.,Improve server speed.
164,Web & Application Development,RPC API,Remote Procedure Call,Calls server functions.,సర్వర్ ఫంక్షన్స్ కాల్ చేసేది.,Like calling local methods.,gRPC is modern version.
165,Database Systems,JSON,Web data format,API data format.,ఏపీఐ డేటా ఫార్మాట్.,Standard for web APIs.,Parse for key-values.
166,Database Systems,Associative Array,Key-based array,Key-value pairs array.,కీ-వాల్యూ పెయిర్స్ అర్రే.,JSON is an associative array.,Easy data lookups.
167,Database Systems,Key,Object attribute,Data object attribute.,డేటా ఆబ్జెక్ట్ అట్రిబ్యూట్.,'tech_term' is a key.,Must be unique.
168,Database Systems,Value,Key data,Data associated with key.,కీ తో అసోసియేట్ అయిన డేటా.,Value is 'Algorithm'.,Strings/numbers/objects.
169,Programming & Logic,Permutation,Set arrangement,Possible arrangements.,సాధ్యమయ్యే అరేంజ్‌మెంట్స్.,Calculate logic paths.,Grows with set size.
170,Tools & Environments,ERP,Business software,Business management system.,బిజినెస్ మేనేజ్మెంట్ సిస్టమ్.,Track inventory/sales.,Connects departments.
171,Tools & Environments,CTO,Technical executive,Chief Technology Officer.,చీఫ్ టెక్నాలజీ ఆఫీసర్.,Decides technical strategy.,Senior exec role.
172,Tools & Environments,Venture Capital,Startup funding,Early-stage funding.,స్టార్టప్ ఫండింగ్.,Secure to scale infra.,High-potential projects.
173,Tools & Environments,Accessibility,Universal usability,Make apps usable by all.,అందరికీ ఉపయోగపడేలా చేయడం.,Ensure disabled use site.,Use ARIA labels.
174,Tools & Environments,Etiquette,Behavior code,Polite professional behavior.,మర్యాదపూర్వక ప్రవర్తన.,Corporate email rules.,Collaborative coding.
175,Tools & Environments,Ubiquity,Commonness,Appearing everywhere.,అన్ని చోట్లా ఉండటం.,Smartphone ubiquity.,Java's enterprise use.
